{"stats":{"minecraft:used":{"minecraft:oak_fence":58,"minecraft:wheat_seeds":13,"minecraft:water_bucket":39,"minecraft:stone_sword":4,"minecraft:birch_planks":2,"minecraft:birch_leaves":41,"minecraft:spruce_slab":180,"minecraft:stone_pickaxe":1,"minecraft:oak_planks":27,"minecraft:spruce_planks":71,"minecraft:chest":5,"minecraft:stone_hoe":110,"minecraft:rotten_flesh":1,"minecraft:oak_leaves":93,"minecraft:torch":24,"minecraft:dirt":210,"minecraft:oak_slab":821,"minecraft:crafting_table":1,"minecraft:carrot":2,"minecraft:spruce_fence":53,"minecraft:shears":141,"minecraft:pumpkin_seeds":7,"minecraft:oak_fence_gate":2,"minecraft:wooden_axe":59,"minecraft:birch_slab":2,"minecraft:melon_slice":27,"minecraft:birch_sapling":39,"minecraft:spruce_sapling":48,"minecraft:melon_seeds":8,"minecraft:stone_axe":673,"minecraft:oak_sapling":81,"minecraft:furnace":1,"minecraft:bucket":38,"minecraft:egg":5,"minecraft:pumpkin":3,"minecraft:bone_meal":6},"minecraft:killed":{"minecraft:zombie":1},"minecraft:crafted":{"minecraft:oak_slab":1272,"minecraft:oak_planks":688,"minecraft:spruce_planks":560,"minecraft:wooden_pickaxe":1,"minecraft:birch_slab":48,"minecraft:bone_meal":6,"minecraft:spruce_fence":96,"minecraft:birch_planks":236,"minecraft:pumpkin_seeds":8,"minecraft:stone_axe":7,"minecraft:air":0,"minecraft:oak_fence_gate":2,"minecraft:charcoal":18,"minecraft:melon_seeds":8,"minecraft:spruce_slab":300,"minecraft:stick":220,"minecraft:wooden_axe":1,"minecraft:stone_sword":1,"minecraft:torch":32,"minecraft:oak_fence":51,"minecraft:shears":1},"minecraft:broken":{"minecraft:stone_axe":4,"minecraft:wooden_axe":1},"minecraft:dropped":{"minecraft:torch":2,"minecraft:stone_pickaxe":1},"minecraft:picked_up":{"minecraft:birch_log":151,"minecraft:wheat":1,"minecraft:crafting_table":1,"minecraft:birch_leaves":46,"minecraft:feather":2,"minecraft:chicken":1,"minecraft:andesite":2,"minecraft:clay_ball":116,"minecraft:wooden_pickaxe":1,"minecraft:red_mushroom":15,"minecraft:flint":1,"minecraft:oak_log":215,"minecraft:dirt":197,"minecraft:string":3,"minecraft:bone":2,"minecraft:apple":18,"minecraft:wheat_seeds":5,"minecraft:bucket":1,"minecraft:spruce_planks":3,"minecraft:stone_pickaxe":3,"minecraft:spruce_slab":14,"minecraft:melon_slice":111,"minecraft:oak_planks":32,"minecraft:chest":13,"minecraft:birch_sapling":36,"minecraft:stone_hoe":2,"minecraft:egg":7,"minecraft:furnace":1,"minecraft:oak_slab":29,"minecraft:stick":59,"minecraft:raw_iron":2,"minecraft:pumpkin":15,"minecraft:oak_fence":31,"minecraft:torch":8,"minecraft:spruce_fence":2,"minecraft:gravel":18,"minecraft:grass_block":1,"minecraft:spruce_sapling":41,"minecraft:diorite":1,"minecraft:spruce_log":138,"minecraft:stone_sword":3,"minecraft:arrow":1,"minecraft:stone_shovel":1,"minecraft:rotten_flesh":1,"minecraft:granite":4,"minecraft:oak_sapling":74,"minecraft:coal":4,"minecraft:oak_leaves":93,"minecraft:white_wool":7,"minecraft:cobblestone":42},"minecraft:custom":{"minecraft:interact_with_furnace":11,"minecraft:mob_kills":1,"minecraft:animals_bred":1,"minecraft:interact_with_crafting_table":51,"minecraft:leave_game":3,"minecraft:time_since_death":235984,"minecraft:time_since_rest":235984,"minecraft:sprint_one_cm":157103,"minecraft:damage_taken":270,"minecraft:walk_one_cm":467929,"minecraft:drop":3,"minecraft:damage_dealt":428,"minecraft:swim_one_cm":29,"minecraft:fly_one_cm":97972,"minecraft:open_chest":185,"minecraft:crouch_one_cm":144144,"minecraft:play_time":235984,"minecraft:sneak_time":32469,"minecraft:walk_under_water_one_cm":8396,"minecraft:jump":529,"minecraft:walk_on_water_one_cm":2772,"minecraft:total_world_time":235984,"minecraft:fall_one_cm":8420},"minecraft:mined":{"minecraft:oak_slab":43,"minecraft:spruce_planks":3,"minecraft:oak_sapling":25,"minecraft:oak_fence":19,"minecraft:crafting_table":2,"minecraft:torch":3,"minecraft:grass_block":38,"minecraft:spruce_fence":2,"minecraft:melon":12,"minecraft:chest":7,"minecraft:birch_slab":1,"minecraft:spruce_leaves":56,"minecraft:birch_sapling":13,"minecraft:carrots":1,"minecraft:spruce_sapling":14,"minecraft:furnace":1,"minecraft:birch_log":122,"minecraft:wheat":2,"minecraft:spruce_log":138,"minecraft:birch_leaves":193,"minecraft:pumpkin":11,"minecraft:oak_log":214,"minecraft:gravel":6,"minecraft:dirt":17,"minecraft:oak_leaves":488,"minecraft:spruce_slab":41}},"DataVersion":2860}