{"stats":{"minecraft:used":{"minecraft:oak_fence":25,"minecraft:wheat_seeds":3,"minecraft:water_bucket":7,"minecraft:stone_sword":20,"minecraft:stone_shovel":17,"minecraft:stone_pickaxe":285,"minecraft:chest":3,"minecraft:wooden_pickaxe":18,"minecraft:stone_hoe":19,"minecraft:torch":18,"minecraft:dirt":48,"minecraft:oak_slab":77,"minecraft:crafting_table":2,"minecraft:carrot":4,"minecraft:oak_fence_gate":4,"minecraft:birch_fence_gate":1,"minecraft:melon_seeds":1,"minecraft:furnace":1,"minecraft:bucket":6},"minecraft:broken":{"minecraft:stone_pickaxe":2},"minecraft:killed":{"minecraft:spider":3,"minecraft:zombie":2},"minecraft:picked_up":{"minecraft:birch_log":34,"minecraft:birch_leaves":5,"minecraft:wheat":3,"minecraft:crafting_table":1,"minecraft:chicken":1,"minecraft:andesite":37,"minecraft:clay_ball":116,"minecraft:leather":7,"minecraft:flint":6,"minecraft:oak_log":53,"minecraft:dirt":219,"minecraft:string":2,"minecraft:wheat_seeds":8,"minecraft:stone_pickaxe":1,"minecraft:oak_fence_gate":2,"minecraft:melon_slice":87,"minecraft:chest":18,"minecraft:egg":7,"minecraft:oak_slab":14,"minecraft:stick":3,"minecraft:raw_iron":12,"minecraft:pumpkin":14,"minecraft:oak_fence":11,"minecraft:torch":6,"minecraft:gravel":48,"minecraft:spruce_sapling":1,"minecraft:carrot":6,"minecraft:diorite":27,"minecraft:spruce_log":2,"minecraft:spider_eye":2,"minecraft:pumpkin_seeds":1,"minecraft:rotten_flesh":5,"minecraft:granite":27,"minecraft:coal":25,"minecraft:snowball":44,"minecraft:cobblestone":136},"minecraft:killed_by":{"minecraft:zombie":2},"minecraft:crafted":{"minecraft:oak_slab":36,"minecraft:oak_planks":192,"minecraft:stone_shovel":1,"minecraft:crafting_table":1,"minecraft:furnace":1,"minecraft:birch_planks":112,"minecraft:air":0,"minecraft:oak_fence_gate":2,"minecraft:stick":32,"minecraft:birch_fence_gate":1,"minecraft:iron_ingot":8,"minecraft:stone_pickaxe":3,"minecraft:stone_sword":2,"minecraft:torch":12,"minecraft:stone_hoe":1,"minecraft:oak_fence":33},"minecraft:custom":{"minecraft:interact_with_furnace":5,"minecraft:mob_kills":5,"minecraft:interact_with_crafting_table":21,"minecraft:leave_game":1,"minecraft:time_since_death":0,"minecraft:time_since_rest":3144,"minecraft:sprint_one_cm":2944,"minecraft:damage_taken":495,"minecraft:walk_one_cm":212451,"minecraft:damage_dealt":1118,"minecraft:fly_one_cm":347,"minecraft:open_chest":102,"minecraft:crouch_one_cm":6656,"minecraft:play_time":188640,"minecraft:deaths":2,"minecraft:sneak_time":3920,"minecraft:jump":13,"minecraft:total_world_time":188640},"minecraft:mined":{"minecraft:podzol":17,"minecraft:oak_slab":13,"minecraft:oak_sapling":1,"minecraft:snow_block":11,"minecraft:oak_fence":5,"minecraft:clay":29,"minecraft:torch":6,"minecraft:granite":27,"minecraft:grass_block":145,"minecraft:melon":19,"minecraft:chest":16,"minecraft:diorite":27,"minecraft:carrots":4,"minecraft:birch_log":33,"minecraft:iron_ore":12,"minecraft:wheat":3,"minecraft:spruce_log":2,"minecraft:andesite":29,"minecraft:pumpkin":14,"minecraft:oak_log":52,"minecraft:coal_ore":25,"minecraft:oak_fence_gate":1,"minecraft:gravel":53,"minecraft:dirt":48,"minecraft:packed_ice":1,"minecraft:stone":120,"minecraft:oak_leaves":1}},"DataVersion":2860}